rank,coachRating,percentile,rawScore,name,coachId,birthDate,birthDateSource,birthPlace,birthPlaceSource,deathDate,nationality,nationalitySource,college,collegeSource,highSchool,almaMater,nickname,currentTeam,currentRole,latestSeason,headCoachSeasons,assistantCoachSeasons,regularGames,regularWins,regularLosses,regularWinPct,playoffGames,playoffWins,playoffLosses,playoffWinPct,wnbaChampionships,wnbaFinalsAppearances,coachOfTheYear,coachOfTheMonth,championshipPoints,coachOfYearPoints,regularSeasonWinPoints,playoffWinPoints,imageUrl,localImage,basketballReferenceUrl,wikipediaUrl,wikipediaMatchScore
1,70,100,143.13,Cheryl Reeve,reevech99w,1966-09-20,basketball-reference,"Omaha, NE",basketball-reference,,,,La Salle,basketball-reference,"Washington Township(Sewell, New Jersey)",,,MIN,Head Coach,2026,17,8,583,387,196,0.664,83,52,31,0.627,4,0,4,4,64,40,13.545,8.32,https://upload.wikimedia.org/wikipedia/commons/thumb/9/9a/MN_Lynx%27s_coach_Cheryl_Reeve_in_2024_%281%29.jpg/960px-MN_Lynx%27s_coach_Cheryl_Reeve_in_2024_%281%29.jpg,images/001_Cheryl_Reeve.jpg,https://www.basketball-reference.com/wnba/coaches/reevech99w.html,https://en.wikipedia.org/wiki/Cheryl_Reeve,138
2,70,99.07,114.505,Van Chancellor,chancva99w,1943-09-27,basketball-reference,"Louisville, MS",basketball-reference,,,,,,,,,HOU,Head Coach,2006,10,0,322,211,111,0.655,34,20,14,0.588,4,0,3,0,64,30,7.385,3.2,https://upload.wikimedia.org/wikipedia/commons/d/d2/Coachvan_%28cropped%29.jpg,images/002_Van_Chancellor.jpg,https://www.basketball-reference.com/wnba/coaches/chancva99w.html,https://en.wikipedia.org/wiki/Van_Chancellor,100
3,70,98.15,98.51,Bill Laimbeer,laimbbi99w,1957-05-19,basketball-reference,"Boston, MA",basketball-reference,,,,Notre Dame,basketball-reference,"Palos Verdes(Palos Verdes, California)",,,LVA,Head Coach,2021,17,0,521,306,215,0.587,69,37,32,0.536,3,0,2,4,48,20,10.71,5.92,https://upload.wikimedia.org/wikipedia/commons/thumb/e/e9/Bill_Laimbeer_2_%28cropped%29.jpg/960px-Bill_Laimbeer_2_%28cropped%29.jpg,images/003_Bill_Laimbeer.jpg,https://www.basketball-reference.com/wnba/coaches/laimbbi99w.html,https://en.wikipedia.org/wiki/Bill_Laimbeer,110
4,69,97.22,82.24,Becky Hammon,hammobe01w,1977-03-11,basketball-reference,"Rapid City, SD",basketball-reference,,,,Colorado State,basketball-reference,"Stevens(Rapid City, South Dakota)",,,LVA,Head Coach,2026,5,0,187,136,51,0.727,37,28,9,0.757,3,0,1,4,48,10,4.76,4.48,https://upload.wikimedia.org/wikipedia/commons/thumb/5/57/Becky_Hammon_2025_%28cropped%29.jpg/960px-Becky_Hammon_2025_%28cropped%29.jpg,images/004_Becky_Hammon.jpg,https://www.basketball-reference.com/wnba/coaches/hammobe01w.html,https://en.wikipedia.org/wiki/Becky_Hammon,138
5,69,96.3,76.125,Mike Thibault,thibami99w,1950-09-28,basketball-reference,"St. Paul, MN",basketball-reference,,,,San Jose State,basketball-reference,,,,WAS,Head Coach,2022,20,0,668,379,289,0.567,72,34,38,0.472,1,0,3,2,16,30,13.265,5.44,https://upload.wikimedia.org/wikipedia/commons/thumb/3/33/Washington_Mystics_Head_Coach_Mike_Thibault_%2848372324116%29_%28cropped%29.jpg/960px-Washington_Mystics_Head_Coach_Mike_Thibault_%2848372324116%29_%28cropped%29.jpg,images/005_Mike_Thibault.jpg,https://www.basketball-reference.com/wnba/coaches/thibami99w.html,https://en.wikipedia.org/wiki/Mike_Thibault,128
6,68,95.37,71.995,Sandy Brondello,brondsa01w,1968-08-20,basketball-reference,"Eton, AU",basketball-reference,,,,,,,,,TOR,Head Coach,2026,14,8,479,281,198,0.587,72,40,32,0.556,2,0,1,4,32,10,9.835,6.4,https://upload.wikimedia.org/wikipedia/commons/thumb/f/f6/Sandy_Brondello_2024.jpg/960px-Sandy_Brondello_2024.jpg,images/006_Sandy_Brondello.jpg,https://www.basketball-reference.com/wnba/coaches/brondsa01w.html,https://en.wikipedia.org/wiki/Sandy_Brondello,128
7,68,94.44,66.135,Brian Agler,aglerbr99w,1958-08-02,basketball-reference,"Wilmington, OH",basketball-reference,,,,Wittenberg University,basketball-reference,"Elgin (Marion, Ohio)",,,DAL,Head Coach,2020,17,4,545,287,258,0.527,43,24,19,0.558,2,0,1,1,32,10,10.045,3.84,https://upload.wikimedia.org/wikipedia/commons/thumb/0/0c/Brian_Agler_%28cropped%29.jpg/960px-Brian_Agler_%28cropped%29.jpg,images/007_Brian_Agler.jpg,https://www.basketball-reference.com/wnba/coaches/aglerbr99w.html,https://en.wikipedia.org/wiki/Brian_Agler,138
8,67,93.52,64.075,Michael Cooper,coopemi01w,1956-04-15,basketball-reference,"Los Angeles, CA",basketball-reference,,,,New Mexico,basketball-reference,"Pasadena (Pasadena, California)",,,ATL,Assistant Coach,2017,12,2,388,230,158,0.593,42,26,16,0.619,2,0,1,0,32,10,8.05,4.16,https://upload.wikimedia.org/wikipedia/commons/3/3a/Michael_Cooper_%287834581%29_%28cropped%29.jpg,images/008_Michael_Cooper.jpg,https://www.basketball-reference.com/wnba/coaches/coopemi01w.html,https://en.wikipedia.org/wiki/Michael_Cooper,110
9,67,92.59,56.51,Dan Hughes,hugheda99w,1955-04-14,basketball-reference,"Marietta, OH",basketball-reference,,,,Muskingum University,basketball-reference,,,,SEA,Head Coach,2021,19,2,598,286,312,0.478,50,22,28,0.44,1,0,2,0,16,20,10.01,3.52,,,https://www.basketball-reference.com/wnba/coaches/hugheda99w.html,https://en.wikipedia.org/wiki/Dan_Hughes_(basketball),138
10,66,91.67,41.64,James Wade,wadeja99w,1975-08-15,basketball-reference,"Memphis, TN",basketball-reference,,,,"Middle Tennessee,Kennesaw State University",basketball-reference,"Northside (Memphis, Tennessee)",,Coco,CHI,Head Coach,2023,5,6,140,81,59,0.579,21,13,8,0.619,1,0,1,3,16,10,2.835,2.08,https://upload.wikimedia.org/wikipedia/commons/thumb/a/a1/James_Wade_%28cropped%29.jpg/960px-James_Wade_%28cropped%29.jpg,images/010_James_Wade.jpg,https://www.basketball-reference.com/wnba/coaches/wadeja99w.html,https://en.wikipedia.org/wiki/James_Wade_(basketball),110
11,66,90.74,40.785,John Whisenant,whisejo99w,1945-06-18,basketball-reference,"Gore, OK",basketball-reference,,,,Connors State College,basketball-reference,,,,NYL,Head Coach,2012,7,0,207,119,88,0.575,34,20,14,0.588,1,0,1,0,16,10,4.165,3.2,,,https://www.basketball-reference.com/wnba/coaches/whisejo99w.html,https://en.wikipedia.org/wiki/John_Whisenant,138
12,65,89.81,37.15,Curt Miller,millecu01w,1968-10-05,basketball-reference,"Girard, PA",basketball-reference,,,,Baldwin-Wallace College,basketball-reference,,,,LAS,Head Coach,2024,9,1,306,165,141,0.539,33,16,17,0.485,0,0,2,3,0,20,5.775,2.56,https://upload.wikimedia.org/wikipedia/commons/thumb/d/d7/Curt_Miller_in_2019_%28cropped%29.jpg/960px-Curt_Miller_in_2019_%28cropped%29.jpg,images/012_Curt_Miller.jpg,https://www.basketball-reference.com/wnba/coaches/millecu01w.html,https://en.wikipedia.org/wiki/Curt_Miller,138
13,65,88.89,31.885,Lin Dunn,dunnli99w,1947-05-10,basketball-reference,"Dresden, TN",basketball-reference,,,,University of Tennessee at Martin,basketball-reference,,,,IND,Head Coach,2014,10,4,334,168,166,0.503,43,23,20,0.535,1,0,0,0,16,0,5.88,3.68,https://upload.wikimedia.org/wikipedia/commons/thumb/a/a5/Lin_Dunn.JPG/960px-Lin_Dunn.JPG,images/013_Lin_Dunn.jpg,https://www.basketball-reference.com/wnba/coaches/dunnli99w.html,https://en.wikipedia.org/wiki/Lin_Dunn,138
14,64,87.96,30.935,Anne Donovan,donovan99w,1961-11-01,basketball-reference,"Ridgewood, NJ",basketball-reference,2018-06-13,,,Old Dominion,basketball-reference,"Paramus Catholic(Paramus, New Jersey)",,,CON,Head Coach,2015,13,1,419,205,214,0.489,31,14,17,0.452,1,0,0,0,16,0,7.175,2.24,https://upload.wikimedia.org/wikipedia/commons/thumb/7/74/Anne_Donovan_Beijing_Olympic_Games_in_2008.jpg/960px-Anne_Donovan_Beijing_Olympic_Games_in_2008.jpg,images/014_Anne_Donovan.jpg,https://www.basketball-reference.com/wnba/coaches/donovan99w.html,https://en.wikipedia.org/wiki/Anne_Donovan,110
15,64,87.04,26.37,Stephanie White,mccarst01w,1977-06-20,basketball-reference,"Danville, IL",basketball-reference,,,,Purdue,basketball-reference,"Seeger (West Lebanon, Indiana)",,,IND,Head Coach,2026,6,8,220,134,86,0.609,34,17,17,0.5,0,0,1,2,0,10,4.69,2.72,https://upload.wikimedia.org/wikipedia/commons/thumb/e/ea/Stephanie_White_2024_%28cropped%29.jpg/960px-Stephanie_White_2024_%28cropped%29.jpg,images/015_Stephanie_White.jpg,https://www.basketball-reference.com/wnba/coaches/mccarst01w.html,https://en.wikipedia.org/wiki/Stephanie_White,138
16,63,86.11,25.5,Corey Gaines,gaineco99w,1965-06-01,basketball-reference,"Los Angeles, CA",basketball-reference,,,,UCLA,basketball-reference,"Saint Bernard(Playa del Rey, California)",,,PHO,Head Coach,2013,6,2,191,90,101,0.471,20,11,9,0.55,1,0,0,0,16,0,3.15,1.76,https://upload.wikimedia.org/wikipedia/commons/thumb/e/ef/Corey_Gaines_Japan_20260312_%282%29.jpg/960px-Corey_Gaines_Japan_20260312_%282%29.jpg,images/016_Corey_Gaines.jpg,https://www.basketball-reference.com/wnba/coaches/gaineco99w.html,https://en.wikipedia.org/wiki/Corey_Gaines,138
17,63,85.19,23.875,Gary Kloppenburg,kloppga99w,1953-01-06,basketball-reference,"Lindsay, CA",basketball-reference,,,,Feather River College,basketball-reference,"La Jolla (La Jolla, California)",,,IND,Assistant Coach,2022,4,15,98,43,55,0.439,7,7,0,1,1,0,0,0,16,0,1.505,1.12,,,https://www.basketball-reference.com/wnba/coaches/kloppga99w.html,https://en.wikipedia.org/wiki/Gary_Kloppenburg,110
18,63,84.26,23.787,Paul Westhead,westhpa99w,1939-02-21,basketball-reference,"Philadelphia, PA",basketball-reference,,,,Saint Joseph's,basketball-reference,"West Catholic Preparatory(Philadelphia, Pennsylvania)",,,PHO,Head Coach,2007,2,0,68,41,27,0.603,9,7,2,0.778,1,0,0,0,16,0,1.435,1.12,https://upload.wikimedia.org/wikipedia/en/thumb/8/8a/OOjs_UI_icon_edit-ltr-progressive.svg/20px-OOjs_UI_icon_edit-ltr-progressive.svg.png,images/018_Paul_Westhead.png,https://www.basketball-reference.com/wnba/coaches/westhpa99w.html,https://en.wikipedia.org/wiki/Paul_Westhead,138
19,62,83.33,18.345,Marynell Meadors,meadoma99w,1943-08-27,basketball-reference,"Nashville, TN",basketball-reference,,,,Middle Tennessee,basketball-reference,,,,ATL,Head Coach,2012,8,2,230,111,119,0.483,20,8,12,0.4,0,0,1,0,0,10,3.885,1.28,https://upload.wikimedia.org/wikipedia/commons/thumb/4/49/Marynell_Meadors_Atlanta_Dream.JPG/960px-Marynell_Meadors_Atlanta_Dream.JPG,images/019_Marynell_Meadors.jpg,https://www.basketball-reference.com/wnba/coaches/meadoma99w.html,https://en.wikipedia.org/wiki/Marynell_Meadors,138
20,62,82.41,17.234,Carol Ross,rossca99w,1959-06-11,basketball-reference,"Oakland, MS",basketball-reference,,,,Ole Miss,basketball-reference,,,,LAS,Head Coach,2014,3,3,90,58,32,0.644,7,3,4,0.429,0,0,1,0,0,10,2.03,0.48,https://upload.wikimedia.org/wikipedia/commons/5/5d/Flag_of_the_United_States_%2823px%29.png,images/020_Carol_Ross.png,https://www.basketball-reference.com/wnba/coaches/rossca99w.html,https://en.wikipedia.org/wiki/Carol_Ross,138
21,61,81.48,15.165,Natalie Nakase,nakasna01w,1980-04-18,basketball-reference,"Anaheim, CA",basketball-reference,,,,UCLA,basketball-reference,"Marina (Huntington Beach, California)",,,GSV,Head Coach,2026,2,3,72,42,30,0.583,2,0,2,0,0,0,1,1,0,10,1.47,0,https://upload.wikimedia.org/wikipedia/commons/thumb/d/df/Natalie_Nakase_2025_%28cropped%29.jpg/960px-Natalie_Nakase_2025_%28cropped%29.jpg,images/021_Natalie_Nakase.jpg,https://www.basketball-reference.com/wnba/coaches/nakasna01w.html,https://en.wikipedia.org/wiki/Natalie_Nakase,138
22,61,80.56,15.15,Marianne Stanley,stanlma99w,1954-04-29,basketball-reference,"Yeadon, PA",basketball-reference,,,,Immaculata University,basketball-reference,"Archbishop Prendergast(Drexel Hill, Pennsylvania)",,,IND,Head Coach,2022,5,17,129,40,89,0.31,5,3,2,0.6,0,0,1,0,0,10,1.4,0.48,https://upload.wikimedia.org/wikipedia/commons/thumb/3/3d/Marianne_Stanley_cropped.jpg/960px-Marianne_Stanley_cropped.jpg,images/022_Marianne_Stanley.jpg,https://www.basketball-reference.com/wnba/coaches/stanlma99w.html,https://en.wikipedia.org/wiki/Marianne_Stanley,138
23,60,79.63,14.67,Nicki Collen,colleni99w,1975-05-13,basketball-reference,"Indiana, U.S.",wikipedia,,,,"Purdue,Marquette",basketball-reference,,,,ATL,Head Coach,2020,3,2,90,38,52,0.422,5,2,3,0.4,0,0,1,2,0,10,1.33,0.32,,,https://www.basketball-reference.com/wnba/coaches/colleni99w.html,https://en.wikipedia.org/wiki/Nicki_Collen,100
24,60,78.7,13.67,Suzie McConnell Serio,mcconsu01w,1966-07-29,basketball-reference,"Pittsburgh, PA",basketball-reference,,,,Penn State,basketball-reference,,,,MIN,Head Coach,2006,4,0,125,58,67,0.464,5,1,4,0.2,0,0,1,0,0,10,2.03,0.16,https://upload.wikimedia.org/wikipedia/commons/5/5d/Flag_of_the_United_States_%2823px%29.png,images/024_Suzie_McConnell_Serio.png,https://www.basketball-reference.com/wnba/coaches/mcconsu01w.html,https://en.wikipedia.org/wiki/Suzie_McConnell-Serio,128
25,59,77.78,12.595,Richie Adubato,adubari99w,1937-11-23,basketball-reference,"Irvington, NJ",basketball-reference,2025-11-06,,,William Paterson University,basketball-reference,"Clifford Scott(East Orange, New Jersey)",,,WAS,Head Coach,2007,9,0,250,134,116,0.536,29,14,15,0.483,0,0,0,0,0,0,4.69,2.24,https://upload.wikimedia.org/wikipedia/en/0/00/Richie_Adubato.jpg,images/025_Richie_Adubato.jpg,https://www.basketball-reference.com/wnba/coaches/adubari99w.html,https://en.wikipedia.org/wiki/Richie_Adubato,138
26,59,76.85,9.645,Fred Williams,willifr99w,1957-02-08,basketball-reference,"Inglewood, CA",basketball-reference,,,,Boise State,basketball-reference,,,,LAS,Assistant Coach,2022,11,11,308,139,169,0.451,14,5,9,0.357,0,0,0,0,0,0,4.865,0.8,,,https://www.basketball-reference.com/wnba/coaches/willifr99w.html,https://en.wikipedia.org/wiki/Fred_Williams_(basketball%2C_born_1957),110
27,58,75.93,8.75,Pokey Chatman,chatmda99w,1969-06-18,basketball-reference,"Ama, LA",basketball-reference,,,,LSU,basketball-reference,"Hahnville (Boutte, Louisiana)",,,SEA,Associate General Manager & Assistant Coach,2025,9,4,306,134,172,0.438,19,7,12,0.368,0,0,0,0,0,0,4.69,1.12,https://upload.wikimedia.org/wikipedia/commons/thumb/a/ac/Pokey_Chatman_%28cropped%29.jpg/960px-Pokey_Chatman_%28cropped%29.jpg,images/027_Pokey_Chatman.jpg,https://www.basketball-reference.com/wnba/coaches/chatmda99w.html,https://en.wikipedia.org/wiki/Pokey_Chatman,128
28,58,75,7.363,Brian Winters,wintebr99w,1952-03-01,basketball-reference,"Rockaway, NY",basketball-reference,,,,South Carolina,basketball-reference,"Archbishop Molloy(Queens, New York)",,,IND,Head Coach,2007,4,0,136,78,58,0.574,12,5,7,0.417,0,0,0,0,0,0,2.73,0.8,https://upload.wikimedia.org/wikipedia/en/thumb/8/8a/OOjs_UI_icon_edit-ltr-progressive.svg/20px-OOjs_UI_icon_edit-ltr-progressive.svg.png,images/028_Brian_Winters.png,https://www.basketball-reference.com/wnba/coaches/wintebr99w.html,https://en.wikipedia.org/wiki/Brian_Winters,110
29,57,74.07,7.095,Noelle Quinn,quinnno01w,1985-01-03,basketball-reference,"Los Angeles, CA",basketball-reference,,,,UCLA,basketball-reference,"Bishop Montgomery(Torrance, California)",,,SEA,Head Coach,2025,5,2,186,97,89,0.522,12,4,8,0.333,0,0,0,0,0,0,3.395,0.64,https://upload.wikimedia.org/wikipedia/commons/thumb/1/19/NoelleQuinn_Storm_HeadCoach.jpg/960px-NoelleQuinn_Storm_HeadCoach.jpg,images/029_Noelle_Quinn.jpg,https://www.basketball-reference.com/wnba/coaches/quinnno01w.html,https://en.wikipedia.org/wiki/Noelle_Quinn,138
30,57,73.15,6.61,Cheryl Miller,millech99w,1964-01-03,basketball-reference,"Riverside, CA",basketball-reference,,,,USC,basketball-reference,"Riverside Polytechnic(Riverside, California)",,,PHO,Head Coach,2000,4,0,122,70,52,0.574,9,3,6,0.333,0,0,0,0,0,0,2.45,0.48,https://upload.wikimedia.org/wikipedia/commons/thumb/5/5f/Cheryl_Miller_in_Final_Four_game_against_Tennessee.jpg/960px-Cheryl_Miller_in_Final_Four_game_against_Tennessee.jpg,images/030_Cheryl_Miller.jpg,https://www.basketball-reference.com/wnba/coaches/millech99w.html,https://en.wikipedia.org/wiki/Cheryl_Miller,128
31,56,72.22,6.435,Pat Coyle,coylepa99w,1960-09-05,basketball-reference,"Philadelphia, PA",basketball-reference,,,,Rutgers University,basketball-reference,,,Patty,NYL,Head Coach,2009,6,6,171,81,90,0.474,16,6,10,0.375,0,0,0,0,0,0,2.835,0.96,,,https://www.basketball-reference.com/wnba/coaches/coylepa99w.html,https://en.wikipedia.org/wiki/Pat_Coyle_(basketball),128
32,56,71.3,5.44,Jenny Boucek,bouceje01w,1973-12-20,basketball-reference,"Nashville, TN",basketball-reference,,,,Virginia,basketball-reference,"University School of Nashville (Nashville, Tennessee)",,,SEA,Head Coach,2017,6,11,175,76,99,0.434,7,2,5,0.286,0,0,0,0,0,0,2.66,0.32,https://upload.wikimedia.org/wikipedia/commons/thumb/c/c8/Jenny_Boucek_at_2_August_2015_game_cropped.jpg/960px-Jenny_Boucek_at_2_August_2015_game_cropped.jpg,images/032_Jenny_Boucek.jpg,https://www.basketball-reference.com/wnba/coaches/bouceje01w.html,https://en.wikipedia.org/wiki/Jenny_Boucek,138
33,56,70.37,5.415,Karl Smesko,smeskka01w,1970-10-02,basketball-reference,"Bath Township, OH",basketball-reference,,,,Kent State University,basketball-reference,,,,ATL,Head Coach,2026,2,0,71,47,24,0.662,3,1,2,0.333,0,0,0,0,0,0,1.645,0.16,https://upload.wikimedia.org/wikipedia/commons/thumb/c/c5/260527_Lynx_Dream_JohnMc218_%2855298549718%29_%28cropped%29.jpg/960px-260527_Lynx_Dream_JohnMc218_%2855298549718%29_%28cropped%29.jpg,images/033_Karl_Smesko.jpg,https://www.basketball-reference.com/wnba/coaches/smeskka01w.html,https://en.wikipedia.org/wiki/Karl_Smesko,138
34,55,69.44,5.19,Nancy Darsch,darscna99w,1951-12-29,basketball-reference,"Plymouth, MA",basketball-reference,2020-11-02,,,Springfield College,basketball-reference,,,,SEA,Assistant Coach,2013,4,9,110,56,54,0.509,2,1,1,0.5,0,0,0,0,0,0,1.96,0.16,https://upload.wikimedia.org/wikipedia/commons/f/f8/Nancy_Darsch_2011.jpg,images/034_Nancy_Darsch.jpg,https://www.basketball-reference.com/wnba/coaches/darscna99w.html,https://en.wikipedia.org/wiki/Nancy_Darsch,100
35,55,68.52,5.05,Derek Fisher,fishede99w,1974-08-09,basketball-reference,"Little Rock, AR",basketball-reference,,,,Little Rock,basketball-reference,"Parkview Arts and Science Magnet(Little Rock, Arkansas)",,,LAS,Head Coach,2022,4,0,100,54,46,0.54,5,1,4,0.2,0,0,0,0,0,0,1.89,0.16,https://upload.wikimedia.org/wikipedia/commons/thumb/1/16/Derek_Fisher_Thunder.jpg/960px-Derek_Fisher_Thunder.jpg,images/035_Derek_Fisher.jpg,https://www.basketball-reference.com/wnba/coaches/fishede99w.html,https://en.wikipedia.org/wiki/Derek_Fisher,110
36,54,67.59,4.92,Joe Bryant,bryanjo99w,1954-10-19,basketball-reference,"Philadelphia, PA",basketball-reference,2024-07-15,,,La Salle,basketball-reference,"John Bartram(Philadelphia, Pennsylvania)",,,LAS,Assistant Coach,2011,3,1,64,40,24,0.625,7,2,5,0.286,0,0,0,0,0,0,1.4,0.32,https://upload.wikimedia.org/wikipedia/commons/8/88/Joe_Bryant_2010.jpg,images/036_Joe_Bryant.jpg,https://www.basketball-reference.com/wnba/coaches/bryanjo99w.html,https://en.wikipedia.org/wiki/Joe_Bryant,138
37,54,66.67,4.866,Sonny Allen,allenso99w,1936-03-08,basketball-reference,"Moundsville, WV",basketball-reference,2020-09-11,,,Marshall,basketball-reference,,,,SAC,Head Coach,2001,3,0,76,46,30,0.605,3,0,3,0,0,0,0,0,0,0,1.61,0,https://upload.wikimedia.org/wikipedia/commons/0/00/Sonny_Allen.jpg,images/037_Sonny_Allen.jpg,https://www.basketball-reference.com/wnba/coaches/allenso99w.html,https://en.wikipedia.org/wiki/Sonny_Allen,100
38,53,65.74,4.775,Nate Tibbetts,tibbena01w,1977-05-15,basketball-reference,"Sioux Falls, SD",basketball-reference,,,,South Dakota (1996–2001),wikipedia,"Jefferson(Jefferson, South Dakota)Roosevelt(Sioux Falls, South Dakota)",,,PHO,Head Coach,2026,3,0,113,57,56,0.504,13,5,8,0.385,0,0,0,0,0,0,1.995,0.8,https://upload.wikimedia.org/wikipedia/commons/thumb/6/6d/Nate_Tibbetts_2025_%2854807585757%29_%28cropped%29.jpg/960px-Nate_Tibbetts_2025_%2854807585757%29_%28cropped%29.jpg,images/038_Nate_Tibbetts.jpg,https://www.basketball-reference.com/wnba/coaches/tibbena01w.html,https://en.wikipedia.org/wiki/Nate_Tibbetts,128
39,53,64.81,4.175,Maura McHugh,mchugma99w,1953-06-20,basketball-reference,"Worcester, MA",basketball-reference,,,,Old Dominion,basketball-reference,,,,SAC,Head Coach,2003,3,2,70,35,35,0.5,5,3,2,0.6,0,0,0,0,0,0,1.225,0.48,,,https://www.basketball-reference.com/wnba/coaches/mchugma99w.html,https://en.wikipedia.org/wiki/Maura_McHugh,128
40,52,63.89,4.12,Vickie Johnson,johnsvi01w,1972-04-15,basketball-reference,"Coushatta, LA",basketball-reference,,,,Louisiana Tech,basketball-reference,"Coushatta (Coushatta, Louisiana)",,,ATL,Assistant Coach,2024,3,11,102,40,62,0.392,4,1,3,0.25,0,0,0,1,0,0,1.4,0.16,https://upload.wikimedia.org/wikipedia/en/thumb/8/8a/OOjs_UI_icon_edit-ltr-progressive.svg/20px-OOjs_UI_icon_edit-ltr-progressive.svg.png,images/040_Vickie_Johnson.png,https://www.basketball-reference.com/wnba/coaches/johnsvi01w.html,https://en.wikipedia.org/wiki/Vickie_Johnson,138
41,52,62.96,4.111,Candi Harvey,harveca99w,,,,,,,,Ouachita Baptist University,basketball-reference,,,,SAS,Head Coach,2003,3,1,73,40,33,0.548,7,2,5,0.286,0,0,0,0,0,0,1.4,0.32,,,https://www.basketball-reference.com/wnba/coaches/harveca99w.html,https://en.wikipedia.org/wiki/Candi_Harvey,70
42,51,62.04,4.012,Julie Plank,plankju99w,1961-10-01,basketball-reference,"Columbus, OH",basketball-reference,,,,Ohio State,basketball-reference,,,,ATL,Assistant Coach,2013,2,10,68,38,30,0.559,4,0,4,0,0,0,0,0,0,0,1.33,0,,,https://www.basketball-reference.com/wnba/coaches/plankju99w.html,https://en.wikipedia.org/wiki/Julie_Plank,108
43,51,61.11,3.855,Karleen Thompson,thompka99w,1968-07-01,basketball-reference,"San Diego, CA",basketball-reference,,,,"Contra Costa College,USC",basketball-reference,,,,ATL,Associate Head Coach,2017,3,9,82,41,41,0.5,3,1,2,0.333,0,0,0,0,0,0,1.435,0.16,,,https://www.basketball-reference.com/wnba/coaches/thompka99w.html,https://en.wikipedia.org/wiki/Karleen_Thompson,128
44,50,60.19,3.76,Tanisha Wright,wrighta01w,1983-11-29,basketball-reference,"Brooklyn, NY",basketball-reference,,,,Penn State,basketball-reference,"West Mifflin(West Mifflin, Pennsylvania)",,,CHI,Assistant Coach,2025,3,3,116,48,68,0.414,4,0,4,0,0,0,0,1,0,0,1.68,0,https://upload.wikimedia.org/wikipedia/commons/thumb/5/54/Wright5-20180523.jpg/960px-Wright5-20180523.jpg,images/044_Tanisha_Wright.jpg,https://www.basketball-reference.com/wnba/coaches/wrighta01w.html,https://en.wikipedia.org/wiki/Tanisha_Wright,138
45,50,59.26,3.7,Ron Rothstein,rothsro99w,1942-12-27,basketball-reference,"Bronxville, NY",basketball-reference,,,,Rhode Island,basketball-reference,"Roosevelt (Yonkers, New York)",,,MIA,Head Coach,2002,3,0,96,48,48,0.5,3,1,2,0.333,0,0,0,0,0,0,1.68,0.16,https://upload.wikimedia.org/wikipedia/commons/2/23/Ron_Rothstein_in_2010.jpg,images/045_Ron_Rothstein.jpg,https://www.basketball-reference.com/wnba/coaches/rothsro99w.html,https://en.wikipedia.org/wiki/Ron_Rothstein,138
46,49,58.33,3.373,Orlando Woolridge,woolror99w,1959-12-16,basketball-reference,"Bernice, LA",basketball-reference,2012-05-31,,,Notre Dame,basketball-reference,"Mansfield (Mansfield, Louisiana)",,,LAS,Head Coach,1999,2,1,42,25,17,0.595,4,2,2,0.5,0,0,0,0,0,0,0.875,0.32,https://upload.wikimedia.org/wikipedia/en/4/42/Orlando_Woolridge.jpg,images/046_Orlando_Woolridge.jpg,https://www.basketball-reference.com/wnba/coaches/woolror99w.html,https://en.wikipedia.org/wiki/Orlando_Woolridge,110
47,49,57.41,3.3,Trudi Lacey,laceytr99w,1958-12-12,basketball-reference,"Clifton Forge, VA",basketball-reference,,,,NC State,basketball-reference,,,,WAS,Head Coach,2012,5,2,160,48,112,0.3,2,0,2,0,0,0,0,0,0,0,1.68,0,https://upload.wikimedia.org/wikipedia/commons/thumb/6/66/Trudi_Lacey_WNBA.jpg/960px-Trudi_Lacey_WNBA.jpg,images/047_Trudi_Lacey.jpg,https://www.basketball-reference.com/wnba/coaches/laceytr99w.html,https://en.wikipedia.org/wiki/Trudi_Lacey,138
48,49,56.48,3.295,Christie Sides,sidesch01w,1977-01-17,basketball-reference,"Baton Rouge, LA",basketball-reference,,,,"Ole Miss,Louisiana Tech",basketball-reference,"Central Private (Central, Louisiana)",,,IND,Head Coach,2024,2,9,80,33,47,0.412,2,0,2,0,0,0,0,1,0,0,1.155,0,https://upload.wikimedia.org/wikipedia/commons/b/bb/Christie_sides1_2024.jpg,images/048_Christie_Sides.jpg,https://www.basketball-reference.com/wnba/coaches/sidesch01w.html,https://en.wikipedia.org/wiki/Christie_Sides,138
49,48,55.56,3.243,Nancy Lieberman,liebena01w,1958-07-01,basketball-reference,"Brooklyn, NY",basketball-reference,,,,Old Dominion,basketball-reference,"Far Rockaway(New York City, New York)",,,DET,Head Coach,2000,3,0,94,46,48,0.489,1,0,1,0,0,0,0,0,0,0,1.61,0,https://upload.wikimedia.org/wikipedia/commons/thumb/9/93/Nancy_Lieberman_by_Gage_Skidmore_2.jpg/960px-Nancy_Lieberman_by_Gage_Skidmore_2.jpg,images/049_Nancy_Lieberman.jpg,https://www.basketball-reference.com/wnba/coaches/liebena01w.html,https://en.wikipedia.org/wiki/Nancy_Lieberman,138
50,48,54.63,3.033,Rick Mahorn,mahorri01w,1958-09-21,basketball-reference,"Hartford, CT",basketball-reference,,,,Hampton,basketball-reference,"Weaver (Hartford, Connecticut)",,,DET,Assistant Coach,2009,1,5,31,17,14,0.548,5,3,2,0.6,0,0,0,0,0,0,0.595,0.48,https://upload.wikimedia.org/wikipedia/commons/3/32/Rick_Mahorn.jpg,images/050_Rick_Mahorn.jpg,https://www.basketball-reference.com/wnba/coaches/mahorri01w.html,https://en.wikipedia.org/wiki/Rick_Mahorn,110
51,47,53.7,2.956,Linda Hill-MacDonald,hillmli99w,1948-08-21,basketball-reference,"Morton, PA",basketball-reference,,,,West Chester (PA),basketball-reference,,,,WAS,Assistant Coach,2003,3,2,90,42,48,0.467,3,1,2,0.333,0,0,0,0,0,0,1.47,0.16,,,https://www.basketball-reference.com/wnba/coaches/hillmli99w.html,https://en.wikipedia.org/wiki/Linda_Hill-MacDonald,110
52,47,52.78,2.754,Carolyn Peck,peckca99w,1966-01-22,basketball-reference,"Jefferson City, TN",basketball-reference,,,,Vanderbilt,basketball-reference,,,,ORL,Head Coach,2001,3,0,96,44,52,0.458,3,1,2,0.333,0,0,0,0,0,0,1.54,0.16,https://upload.wikimedia.org/wikipedia/en/c/cc/Carolyn_Peck.jpg,images/052_Carolyn_Peck.jpg,https://www.basketball-reference.com/wnba/coaches/peckca99w.html,https://en.wikipedia.org/wiki/Carolyn_Peck,138
53,46,51.85,2.73,Steven Key,keyst99w,1968-05-14,basketball-reference,"Los Angeles, CA",basketball-reference,,,,Boston University,basketball-reference,"Atholton (Columbia, Maryland)",,,IND,Assistant Coach,2017,3,6,102,42,60,0.412,0,0,0,,0,0,0,0,0,0,1.47,0,,,https://www.basketball-reference.com/wnba/coaches/keyst99w.html,https://en.wikipedia.org/wiki/Steven_Key,110
54,46,50.93,2.53,Nell Fortner,fortnne99w,1959-03-03,basketball-reference,"Jackson, MS",basketball-reference,,,,Texas,basketball-reference,,,,IND,Head Coach,2003,3,0,98,42,56,0.429,3,1,2,0.333,0,0,0,0,0,0,1.47,0.16,https://upload.wikimedia.org/wikipedia/commons/thumb/c/c2/Nell_Fortner.jpg/960px-Nell_Fortner.jpg,images/054_Nell_Fortner.jpg,https://www.basketball-reference.com/wnba/coaches/fortnne99w.html,https://en.wikipedia.org/wiki/Nell_Fortner,100
55,45,50,2.471,Carrie Graf,grafca99w,1967-06-23,basketball-reference,"Melbourne, AU",basketball-reference,,,,,,,,,PHO,Head Coach,2005,2,4,68,33,35,0.485,0,0,0,,0,0,0,0,0,0,1.155,0,https://upload.wikimedia.org/wikipedia/commons/thumb/e/eb/Carrie_Graf_at_day_two_of_the_Opals_camp.jpg/960px-Carrie_Graf_at_day_two_of_the_Opals_camp.jpg,images/055_Carrie_Graf.jpg,https://www.basketball-reference.com/wnba/coaches/grafca99w.html,https://en.wikipedia.org/wiki/Carrie_Graf,128
56,45,49.07,2.415,Eric Thibault,thibaer01w,1987-08-22,basketball-reference,"Chicago, Illinois, U.S.",wikipedia,,,,University of Missouri,wikipedia,,,,MIN,Associate Head Coach,2025,2,11,80,33,47,0.412,2,0,2,0,0,0,0,0,0,0,1.155,0,https://upload.wikimedia.org/wikipedia/commons/thumb/9/9c/Eric_Thibault_2024_%28cropped%29.jpg/960px-Eric_Thibault_2024_%28cropped%29.jpg,images/056_Eric_Thibault.jpg,https://www.basketball-reference.com/wnba/coaches/thibaer01w.html,https://en.wikipedia.org/wiki/Eric_Thibault,128
57,44,48.15,2.305,Latricia Trammell,trammla01w,1968-02-20,basketball-reference,"Claremore, OK",basketball-reference,,,,"Seminole State College,East Central University",basketball-reference,"Seminole (Seminole, Oklahoma)",,,DAL,Head Coach,2024,2,5,80,31,49,0.388,5,2,3,0.4,0,0,0,0,0,0,1.085,0.32,https://upload.wikimedia.org/wikipedia/commons/thumb/9/95/Dallas_Wing%27s_coach_Latricia_Trammell_in_2024_%282%29.jpg/960px-Dallas_Wing%27s_coach_Latricia_Trammell_in_2024_%282%29.jpg,images/057_Latricia_Trammell.jpg,https://www.basketball-reference.com/wnba/coaches/trammla01w.html,https://en.wikipedia.org/wiki/Latricia_Trammell,138
58,44,47.22,2.285,Jennifer Gillom,gilloje01w,1964-06-13,basketball-reference,"Abbeville, MS",basketball-reference,,,,Ole Miss,basketball-reference,"Lafayette(Oxford, Mississippi)",,Grandmama,CON,Assistant Coach,2015,3,5,78,31,47,0.397,2,0,2,0,0,0,0,0,0,0,1.085,0,https://upload.wikimedia.org/wikipedia/en/thumb/8/8a/OOjs_UI_icon_edit-ltr-progressive.svg/20px-OOjs_UI_icon_edit-ltr-progressive.svg.png,images/058_Jennifer_Gillom.png,https://www.basketball-reference.com/wnba/coaches/gilloje01w.html,https://en.wikipedia.org/wiki/Jennifer_Gillom,138
59,43,46.3,2.255,Linda Hargrove,hargrli99w,1950-04-02,basketball-reference,"Great Bend, KS",basketball-reference,,,,,,,,Also known as Linda Adams,WAS,Assistant Coach,2004,3,1,96,37,59,0.385,0,0,0,,0,0,0,0,0,0,1.295,0,,,https://www.basketball-reference.com/wnba/coaches/hargrli99w.html,https://en.wikipedia.org/wiki/Linda_Hargrove_(basketball),70
60,43,45.37,2.21,Walt Hopkins,hopkiwa01w,1985-07-30,basketball-reference,"Sparks, NV",basketball-reference,,,,Nevada,basketball-reference,"Edward C. Reed High School (Sparks, NV)",,,NYL,Head Coach,2021,2,2,54,14,40,0.259,1,0,1,0,0,0,0,1,0,0,0.49,0,https://upload.wikimedia.org/wikipedia/commons/thumb/7/7c/2022-11-24_Basketball%2C_FIBA_Women%27s_Eurobasket_Qualifiers%2C_GER-BIH_1DX_6298_by_Stepro.jpg/960px-2022-11-24_Basketball%2C_FIBA_Women%27s_Eurobasket_Qualifiers%2C_GER-BIH_1DX_6298_by_Stepro.jpg,images/060_Walt_Hopkins.jpg,https://www.basketball-reference.com/wnba/coaches/hopkiwa01w.html,https://en.wikipedia.org/wiki/Walt_Hopkins,138
61,42,44.44,2.026,Ryan Weisenberg,weisery99w,1975-01-21,basketball-reference,"Los Angeles, CA",basketball-reference,,,,Cal Poly,basketball-reference,,,,HOU,Assistant Coach,2008,1,4,14,11,3,0.786,3,1,2,0.333,0,0,0,0,0,0,0.385,0.16,,,https://www.basketball-reference.com/wnba/coaches/weisery99w.html,https://en.wikipedia.org/wiki/Ryan_Weisenberg,70
62,42,43.52,2.011,Jose Fernandez,fernajo01w,1971-11-18,basketball-reference,"Miami, FL",basketball-reference,,,,,,,,,DAL,Head Coach,2026,1,0,28,18,10,0.643,0,0,0,,0,0,0,0,0,0,0.63,0,https://upload.wikimedia.org/wikipedia/commons/thumb/b/bd/JFPhotoWiki.jpg/960px-JFPhotoWiki.jpg,images/062_Jose_Fernandez.jpg,https://www.basketball-reference.com/wnba/coaches/fernajo01w.html,https://en.wikipedia.org/wiki/Jose_Fernandez_(basketball),128
63,42,42.59,1.865,Tree Rollins,rollitr01w,1955-06-16,basketball-reference,"Winter Haven, FL",basketball-reference,,,,Clemson,basketball-reference,"Crisp County (Cordele, Georgia)",,,CHI,Assistant Coach,2015,2,5,52,24,28,0.462,0,0,0,,0,0,0,0,0,0,0.84,0,https://upload.wikimedia.org/wikipedia/commons/2/24/Tree_Rollins_2012.jpg,images/063_Tree_Rollins.jpg,https://www.basketball-reference.com/wnba/coaches/rollitr01w.html,https://en.wikipedia.org/wiki/Tree_Rollins,110
64,41,41.67,1.855,Heidi VanDerveer,vandehe99w,1964-02-11,basketball-reference,"Chautauqua, NY",basketball-reference,,,,College of Charleston,basketball-reference,,,,SEA,Assistant Coach,2007,3,6,56,17,39,0.304,0,0,0,,0,0,0,0,0,0,0.595,0,,,https://www.basketball-reference.com/wnba/coaches/vandehe99w.html,https://en.wikipedia.org/wiki/Heidi_VanDerveer,100
65,41,40.74,1.745,Sydney Johnson,johnssy01w,1974-04-26,wikipedia,"Lansing, Michigan, U.S.",wikipedia,,,,Princeton (1993–1997),wikipedia,"Moorhead (Moorhead, Minnesota) Towson Catholic (Towson, Maryland) Fork Union Military Academy(Fork Union, Virginia)",,,WAS,Head Coach,2026,2,1,71,31,40,0.437,0,0,0,,0,0,0,0,0,0,1.085,0,https://upload.wikimedia.org/wikipedia/commons/1/10/Sydney_Johnson_2020_Air_Force_portrait.jpg,images/065_Sydney_Johnson.jpg,https://www.basketball-reference.com/wnba/coaches/johnssy01w.html,https://en.wikipedia.org/wiki/Sydney_Johnson,98
66,40,39.81,1.735,Katie Smith,smithka01w,1974-06-04,basketball-reference,"Lancaster, OH",basketball-reference,,,,Ohio State,basketball-reference,"Logan (Logan, Ohio)",,,MIN,Associate Head Coach,2024,2,9,68,17,51,0.25,0,0,0,,0,0,0,0,0,0,0.595,0,https://upload.wikimedia.org/wikipedia/commons/thumb/e/ef/Katie_Smith_at_a_Minnesota_Lynx_press_conference_%28cropped%29.jpg/960px-Katie_Smith_at_a_Minnesota_Lynx_press_conference_%28cropped%29.jpg,images/066_Katie_Smith.jpg,https://www.basketball-reference.com/wnba/coaches/smithka01w.html,https://en.wikipedia.org/wiki/Katie_Smith,110
67,39,38.43,1.685,Alex Sarama,saramal01w,1995-07-21,wikipedia,"Guildford, Surrey, England",wikipedia,,,,,,,,,POR,Head Coach,2026,1,0,28,11,17,0.393,0,0,0,,0,0,0,1,0,0,0.385,0,https://upload.wikimedia.org/wikipedia/commons/thumb/d/d7/AlexSaramaBio_%28cropped%29.jpg/960px-AlexSaramaBio_%28cropped%29.jpg,images/067_Alex_Sarama.jpg,https://www.basketball-reference.com/wnba/coaches/saramal01w.html,https://en.wikipedia.org/wiki/Alex_Sarama,98
68,39,38.43,1.685,Lynne Roberts,roberly01w,1975-08-28,basketball-reference,"Redding, CA",basketball-reference,,,,Seattle Pacific University,basketball-reference,,,,LAS,Head Coach,2026,2,0,71,31,40,0.437,0,0,0,,0,0,0,0,0,0,1.085,0,https://upload.wikimedia.org/wikipedia/commons/4/46/Lynne_Roberts_%28basketball%29.jpg,images/068_Lynne_Roberts.jpg,https://www.basketball-reference.com/wnba/coaches/roberly01w.html,https://en.wikipedia.org/wiki/Lynne_Roberts_(basketball),138
69,39,37.04,1.683,Emre Vatansever,vatanem99w,,,,,,,,Marmara University,wikipedia,,,,WAS,Assistant Coach,2025,3,6,24,11,13,0.458,2,0,2,0,0,0,0,0,0,0,0.385,0,,,https://www.basketball-reference.com/wnba/coaches/vatanem99w.html,https://en.wikipedia.org/wiki/Emre_Vatansever,98
70,38,36.11,1.595,Amber Stocks,stockam01w,1977-09-12,basketball-reference,"Akron, OH",basketball-reference,,,,Cincinnati,basketball-reference,,,,CHI,Head Coach,2018,2,2,68,25,43,0.368,0,0,0,,0,0,0,0,0,0,0.875,0,https://upload.wikimedia.org/wikipedia/commons/thumb/7/71/Chicago_Sky_head_coach%2C_Amber_Stocks%2C_gives_directions_from_the_sideline_%28cropped%29.jpg/960px-Chicago_Sky_head_coach%2C_Amber_Stocks%2C_gives_directions_from_the_sideline_%28cropped%29.jpg,images/070_Amber_Stocks.jpg,https://www.basketball-reference.com/wnba/coaches/stockam01w.html,https://en.wikipedia.org/wiki/Amber_Stocks,108
71,38,35.19,1.564,Russ Pennell,penneru99w,1960-11-28,basketball-reference,"Pittsburg, KS",basketball-reference,,,,Arkansas,basketball-reference,,,,PHO,Head Coach,2013,1,0,13,9,4,0.692,5,2,3,0.4,0,0,0,0,0,0,0.315,0.32,,,https://www.basketball-reference.com/wnba/coaches/penneru99w.html,https://en.wikipedia.org/wiki/Russ_Pennell,100
72,37,34.26,1.538,Chris DeMarco,demarch99w,1985-09-26,basketball-reference,"Appleton, WI",basketball-reference,,,,Dominican University of California,wikipedia,,,,NYL,Head Coach,2026,1,0,28,16,12,0.571,0,0,0,,0,0,0,0,0,0,0.56,0,https://upload.wikimedia.org/wikipedia/commons/thumb/8/83/Chris_DeMarco_%28cropped%29.jpg/960px-Chris_DeMarco_%28cropped%29.jpg,images/072_Chris_DeMarco.jpg,https://www.basketball-reference.com/wnba/coaches/demarch99w.html,https://en.wikipedia.org/wiki/Chris_DeMarco,128
73,37,33.33,1.51,Don Zierden,zierddo99w,1958-09-27,basketball-reference,"Minneapolis, MN",basketball-reference,,,,Mount Senario (1977–1981),wikipedia,"DeLaSalle(Minneapolis, Minnesota)",,,MIN,Head Coach,2008,2,0,68,26,42,0.382,0,0,0,,0,0,0,0,0,0,0.91,0,https://upload.wikimedia.org/wikipedia/commons/a/ac/Don_Zierdan_%28cropped%29.jpg,images/073_Don_Zierden.jpg,https://www.basketball-reference.com/wnba/coaches/zierddo99w.html,https://en.wikipedia.org/wiki/Don_Zierden,128
74,36,32.41,1.445,Tyler Marsh,marshty99w,1987-12-09,basketball-reference,"Miami, FL",basketball-reference,,,,UAB (2006–2008) Birmingham-Southern (2009–2010),wikipedia,"Miami Christian School(Miami, Florida) Bridgton Academy(North Bridgton, Maine)",,,CHI,Head Coach,2026,2,3,71,19,52,0.268,0,0,0,,0,0,0,0,0,0,0.665,0,https://upload.wikimedia.org/wikipedia/commons/thumb/e/e8/111224_Tyler_Marsh_Introduction_Chicago_Sky_%28cropped%29.jpg/960px-111224_Tyler_Marsh_Introduction_Chicago_Sky_%28cropped%29.jpg,images/074_Tyler_Marsh.jpg,https://www.basketball-reference.com/wnba/coaches/marshty99w.html,https://en.wikipedia.org/wiki/Tyler_Marsh,128
75,36,31.48,1.395,Michael Adams,adamsmi99w,1963-01-19,basketball-reference,"Hartford, CT",basketball-reference,,,,Boston College,basketball-reference,"Hartford Public(Hartford, Connecticut)",,,WAS,Head Coach,2004,1,0,34,17,17,0.5,3,1,2,0.333,0,0,0,0,0,0,0.595,0.16,https://upload.wikimedia.org/wikipedia/en/thumb/8/8a/OOjs_UI_icon_edit-ltr-progressive.svg/20px-OOjs_UI_icon_edit-ltr-progressive.svg.png,images/075_Michael_Adams.png,https://www.basketball-reference.com/wnba/coaches/adamsmi99w.html,https://en.wikipedia.org/wiki/Michael_Adams_(basketball),110
76,35,30.56,1.382,Julie Rousseau,roussju99w,,,"Los Angeles, California, U.S.",wikipedia,,,,"University of California, Irvine",basketball-reference,,,,SEA,Assistant Coach,2015,2,2,37,17,20,0.459,0,0,0,,0,0,0,0,0,0,0.595,0,,,https://www.basketball-reference.com/wnba/coaches/roussju99w.html,https://en.wikipedia.org/wiki/Julie_Rousseau,98
77,35,29.63,1.37,Dee Brown,brownde99w,1968-11-29,basketball-reference,"Jacksonville, FL",basketball-reference,,,,Jacksonville University,basketball-reference,"Bolles School (Jacksonville, Florida)",,,SAS,Head Coach,2004,2,0,58,22,36,0.379,0,0,0,,0,0,0,0,0,0,0.77,0,https://upload.wikimedia.org/wikipedia/commons/9/93/Pistons_asst_coach_Dee_Brown_in_2012.jpg,images/077_Dee_Brown.jpg,https://www.basketball-reference.com/wnba/coaches/brownde99w.html,https://en.wikipedia.org/wiki/Dee_Brown_(basketball%2C_born_1968),138
78,34,28.7,1.365,Carlos Knox,knoxca99w,1974-10-07,basketball-reference,(),wikipedia,,,,IUPUI,basketball-reference,"Meadowdale (Dayton, Ohio)",,,IND,Assistant Coach,2022,4,1,27,3,24,0.111,0,0,0,,0,0,0,0,0,0,0.105,0,https://upload.wikimedia.org/wikipedia/commons/7/78/Carlos_Knox.jpg,images/078_Carlos_Knox.jpg,https://www.basketball-reference.com/wnba/coaches/knoxca99w.html,https://en.wikipedia.org/wiki/Carlos_Knox,110
79,34,27.78,1.315,Vanessa Nygaard,nygaava01w,1975-03-13,basketball-reference,"Scottsdale, AZ",basketball-reference,,,,Stanford,basketball-reference,"Carlsbad High School(Carlsbad, California)",,,PHO,Head Coach,2023,2,2,48,17,31,0.354,2,0,2,0,0,0,0,0,0,0,0.595,0,https://upload.wikimedia.org/wikipedia/en/thumb/8/8a/OOjs_UI_icon_edit-ltr-progressive.svg/20px-OOjs_UI_icon_edit-ltr-progressive.svg.png,images/079_Vanessa_Nygaard.png,https://www.basketball-reference.com/wnba/coaches/nygaava01w.html,https://en.wikipedia.org/wiki/Vanessa_Nygaard,138
80,34,26.85,1.282,Cynthia Cooper,coopecy01w,1963-04-14,basketball-reference,"Chicago, IL",basketball-reference,,,,USC,basketball-reference,"Locke (Los Angeles, California)",,,PHO,Head Coach,2002,2,0,42,19,23,0.452,0,0,0,,0,0,0,0,0,0,0.665,0,https://upload.wikimedia.org/wikipedia/commons/2/24/Cynthia_Cooper-Dyke_in_2011.jpg,images/080_Cynthia_Cooper.jpg,https://www.basketball-reference.com/wnba/coaches/coopecy01w.html,https://en.wikipedia.org/wiki/Cynthia_Cooper-Dyke,111
81,33,25.93,1.23,Rachid Meziane,meziara01w,1980-02-10,basketball-reference,"Clermont-Ferrand, FR",basketball-reference,,,,,,,,,CON,Head Coach,2026,2,0,72,18,54,0.25,0,0,0,,0,0,0,0,0,0,0.63,0,https://upload.wikimedia.org/wikipedia/commons/thumb/f/ff/Rachid_Meziane_2025_%28cropped%29.jpg/960px-Rachid_Meziane_2025_%28cropped%29.jpg,images/081_Rachid_Meziane.jpg,https://www.basketball-reference.com/wnba/coaches/meziara01w.html,https://en.wikipedia.org/wiki/Rachid_Meziane,100
82,33,25,1.09,Muggsy Bogues,boguemu99w,1965-01-09,basketball-reference,"Baltimore, MD",basketball-reference,,,,Wake Forest,basketball-reference,"Paul Laurence Dunbar(Baltimore, Maryland)",,,CHA,Head Coach,2006,2,0,44,14,30,0.318,0,0,0,,0,0,0,0,0,0,0.49,0,https://upload.wikimedia.org/wikipedia/commons/9/91/Muggsy_Bogues_%28250128-Z-KG453-1009%29_%28cropped%29.jpg,images/082_Muggsy_Bogues.jpg,https://www.basketball-reference.com/wnba/coaches/boguemu99w.html,https://en.wikipedia.org/wiki/Muggsy_Bogues,110
83,32,24.07,1.055,Denise Taylor,taylode99w,,,,,,,,Texas Southern,basketball-reference,,,Coach T,UTA,Head Coach,1998,2,0,47,13,34,0.277,0,0,0,,0,0,0,0,0,0,0.455,0,,,https://www.basketball-reference.com/wnba/coaches/taylode99w.html,https://en.wikipedia.org/wiki/Denise_Taylor,98
84,32,23.15,1.035,Shell Dailey,dailesh99w,,,,,,,,Texas,basketball-reference,,,,SAS,Assistant Coach,2004,2,2,20,9,11,0.45,0,0,0,,0,0,0,0,0,0,0.315,0,,,https://www.basketball-reference.com/wnba/coaches/dailesh99w.html,https://en.wikipedia.org/wiki/Shell_Dailey,70
85,31,22.22,1.01,Greg Williams,willigr99w,1947-01-27,basketball-reference,"Portland, IN",basketball-reference,,,,Rice University,basketball-reference,"Portland (Portland, Indiana)",,,DET,Head Coach,2002,2,1,42,10,32,0.238,0,0,0,,0,0,0,0,0,0,0.35,0,,,https://www.basketball-reference.com/wnba/coaches/willigr99w.html,https://en.wikipedia.org/wiki/Greg_Williams_(basketball),110
86,31,21.3,0.975,Linda Sharp,sharpli99w,1950-03-14,basketball-reference,"Okmulgee, OK",basketball-reference,,,,Cal State Fullerton,basketball-reference,,,,PHX,Assistant Coach,2002,2,1,33,9,24,0.273,0,0,0,,0,0,0,0,0,0,0.315,0,https://upload.wikimedia.org/wikipedia/commons/2/22/Linda_Sharp_at_the_White_House_in_1984.jpg,images/086_Linda_Sharp.jpg,https://www.basketball-reference.com/wnba/coaches/sharpli99w.html,https://en.wikipedia.org/wiki/Linda_Sharp,100
87,30,20.37,0.95,Chris Koclanes,koclach01w,,,"Pelham, New York, U.S",wikipedia,,,,Old Dominion,wikipedia,,,,DAL,Head Coach,2025,1,5,44,10,34,0.227,0,0,0,,0,0,0,0,0,0,0.35,0,https://upload.wikimedia.org/wikipedia/commons/thumb/6/6d/Chris_Koclanes_2025_%28cropped%29.jpg/960px-Chris_Koclanes_2025_%28cropped%29.jpg,images/087_Chris_Koclanes.jpg,https://www.basketball-reference.com/wnba/coaches/koclach01w.html,https://en.wikipedia.org/wiki/Chris_Koclanes,98
88,30,19.44,0.845,Nolan Richardson,richano99w,1941-12-27,basketball-reference,"El Paso, TX",basketball-reference,,,,Eastern Arizona College,basketball-reference,,,,TUL,Head Coach,2011,2,0,45,7,38,0.156,0,0,0,,0,0,0,0,0,0,0.245,0,https://upload.wikimedia.org/wikipedia/commons/thumb/f/f4/Nolan_Richardson.jpg/960px-Nolan_Richardson.jpg,images/088_Nolan_Richardson.jpg,https://www.basketball-reference.com/wnba/coaches/richano99w.html,https://en.wikipedia.org/wiki/Nolan_Richardson,100
89,29,18.52,0.833,Henry Bibby,bibbyhe99w,1949-11-24,basketball-reference,"Franklinton, NC",basketball-reference,,,,UCLA,basketball-reference,"B.F. Person-Albion(Franklinton, North Carolina)",,,LAS,Head Coach,2005,1,0,28,13,15,0.464,0,0,0,,0,0,0,0,0,0,0.455,0,https://upload.wikimedia.org/wikipedia/commons/thumb/4/4e/Henry_Bibby_playing_against_Santa_Clara%2C_1972_%28cropped%29.jpg/960px-Henry_Bibby_playing_against_Santa_Clara%2C_1972_%28cropped%29.jpg,images/089_Henry_Bibby.jpg,https://www.basketball-reference.com/wnba/coaches/bibbyhe99w.html,https://en.wikipedia.org/wiki/Henry_Bibby,110
90,29,17.59,0.815,Teresa Weatherspoon,weathte01w,1965-12-08,basketball-reference,"Pineland, TX",basketball-reference,,,,Louisiana Tech,basketball-reference,"West Sabine (Pineland, Texas)",,,CHI,Head Coach,2024,1,1,40,13,27,0.325,0,0,0,,0,0,0,0,0,0,0.455,0,https://upload.wikimedia.org/wikipedia/commons/thumb/c/c4/Teresa_Weatherspoon_Chicago_Sky_Head_Coach_%28cropped%29.jpg/960px-Teresa_Weatherspoon_Chicago_Sky_Head_Coach_%28cropped%29.jpg,images/090_Teresa_Weatherspoon.jpg,https://www.basketball-reference.com/wnba/coaches/weathte01w.html,https://en.wikipedia.org/wiki/Teresa_Weatherspoon,138
91,28,16.67,0.79,Bo Overton,overtbo99w,1960-07-09,basketball-reference,"Ada, OK",basketball-reference,,,,Oklahoma,basketball-reference,"Ada (Ada, Oklahoma)",,,CHI,Head Coach,2007,1,0,34,14,20,0.412,0,0,0,,0,0,0,0,0,0,0.49,0,https://upload.wikimedia.org/wikipedia/en/thumb/8/8a/OOjs_UI_icon_edit-ltr-progressive.svg/20px-OOjs_UI_icon_edit-ltr-progressive.svg.png,images/091_Bo_Overton.png,https://www.basketball-reference.com/wnba/coaches/overtbo99w.html,https://en.wikipedia.org/wiki/Bo_Overton,110
92,28,15.74,0.74,Frank Layden,laydefr99w,1932-01-05,basketball-reference,"Brooklyn, NY",basketball-reference,2025-07-09,,,Niagara (1950–1953),wikipedia,"Fort Hamilton(Brooklyn, New York)",,,UTA,Head Coach,1999,2,0,15,4,11,0.267,0,0,0,,0,0,0,0,0,0,0.14,0,https://upload.wikimedia.org/wikipedia/commons/2/27/Frank_Layden_1988-89.jpg,images/092_Frank_Layden.jpg,https://www.basketball-reference.com/wnba/coaches/laydefr99w.html,https://en.wikipedia.org/wiki/Frank_Layden,128
93,27,14.81,0.73,Jessie Kenlaw,kenlaje99w,1953-07-03,basketball-reference,"Savannah, GA",basketball-reference,,,,Savannah State University,basketball-reference,,,,WAS,Head Coach,2008,1,6,12,2,10,0.167,0,0,0,,0,0,0,0,0,0,0.07,0,,,https://www.basketball-reference.com/wnba/coaches/kenlaje99w.html,https://en.wikipedia.org/wiki/Jessie_Kenlaw,70
94,27,13.89,0.725,Nikki Blue,blueni01w,1984-04-29,basketball-reference,"Bakersfield, CA",basketball-reference,,,,UCLA,basketball-reference,"West (Bakersfield, California)",,,LAS,Assistant Coach,2025,1,3,28,7,21,0.25,0,0,0,,0,0,0,0,0,0,0.245,0,,,https://www.basketball-reference.com/wnba/coaches/blueni01w.html,https://en.wikipedia.org/wiki/Nikki_Blue,110
95,27,12.96,0.69,Mike Petersen,petermi99w,1958-04-18,basketball-reference,"Eureka, CA",basketball-reference,,,,College of the Redwoods (1976–1978) Northwest Christian (1978–1980),wikipedia,"Eureka (Eureka, California)",,,ATL,Head Coach,2021,1,3,19,6,13,0.316,0,0,0,,0,0,0,0,0,0,0.21,0,,,https://www.basketball-reference.com/wnba/coaches/petermi99w.html,https://en.wikipedia.org/wiki/Mike_Petersen_(basketball),128
96,26,12.04,0.67,Carolyn Jenkins,jenkica99w,1969-01-29,basketball-reference,"Fresno, CA",basketball-reference,,,,California,basketball-reference,,,,MIN,Assistant Coach,2007,1,5,11,2,9,0.182,0,0,0,,0,0,0,0,0,0,0.07,0,,,https://www.basketball-reference.com/wnba/coaches/jenkica99w.html,https://en.wikipedia.org/wiki/Carolyn_Jenkins,138
97,26,11.11,0.65,Tom Maher,maherto99w,1952-09-04,basketball-reference,"Melbourne, AU",basketball-reference,,,,,,,,,WAS,Head Coach,2001,1,0,32,10,22,0.313,0,0,0,,0,0,0,0,0,0,0.35,0,,,https://www.basketball-reference.com/wnba/coaches/maherto99w.html,https://en.wikipedia.org/wiki/Tom_Maher,70
98,25,10.19,0.64,T.R. Dunn,dunntr01w,1955-02-01,basketball-reference,"Birmingham, AL",basketball-reference,,,,Alabama,basketball-reference,"West End (Birmingham, Alabama)",,,CHA,Head Coach,2000,1,1,32,8,24,0.25,0,0,0,,0,0,0,0,0,0,0.28,0,https://upload.wikimedia.org/wikipedia/en/thumb/8/8a/OOjs_UI_icon_edit-ltr-progressive.svg/20px-OOjs_UI_icon_edit-ltr-progressive.svg.png,images/098_T.R._Dunn.png,https://www.basketball-reference.com/wnba/coaches/dunntr01w.html,https://en.wikipedia.org/wiki/T._R._Dunn,110
99,25,9.26,0.63,Penny Toler,tolerpe01w,1966-03-24,basketball-reference,"Washington, DC",basketball-reference,,,,San Diego State,basketball-reference,"St. Anthony (Washington, D.C.)",,,LAS,Head Coach,2014,1,0,12,6,6,0.5,2,0,2,0,0,0,0,0,0,0,0.21,0,https://upload.wikimedia.org/wikipedia/commons/6/65/Penny_Toler_SDSU_%28cropped%29.png,images/099_Penny_Toler.png,https://www.basketball-reference.com/wnba/coaches/tolerpe01w.html,https://en.wikipedia.org/wiki/Penny_Toler,138
100,24,7.87,0.61,Darius Taylor,tayloda99w,1978-10-02,basketball-reference,"Chicago, IL",basketball-reference,,,,Michigan,basketball-reference,"Lake View (Lake View, Chicago, Illinois)",,,ATL,Assistant Coach,2021,1,4,13,2,11,0.154,0,0,0,,0,0,0,0,0,0,0.07,0,,,https://www.basketball-reference.com/wnba/coaches/tayloda99w.html,https://en.wikipedia.org/wiki/Darius_Taylor,110
101,24,7.87,0.61,Jim Lewis,lewisji99w,1946-12-15,basketball-reference,"Alexandria, VA",basketball-reference,,,,West Virginia,basketball-reference,,,,LAS,Assistant Coach,2012,1,4,18,2,16,0.111,0,0,0,,0,0,0,0,0,0,0.07,0,,,https://www.basketball-reference.com/wnba/coaches/lewisji99w.html,https://en.wikipedia.org/wiki/Jim_Lewis_(basketball),98
102,23,6.48,0.58,John Shumate,shumajo99w,1952-04-06,basketball-reference,"Greenville, SC",basketball-reference,2025-02-03,,,Notre Dame,basketball-reference,"Thomas Jefferson(Elizabeth, New Jersey)",,,PHO,Head Coach,2003,1,0,34,8,26,0.235,0,0,0,,0,0,0,0,0,0,0.28,0,https://upload.wikimedia.org/wikipedia/commons/9/91/John_Shumate.png,images/102_John_Shumate.png,https://www.basketball-reference.com/wnba/coaches/shumajo99w.html,https://en.wikipedia.org/wiki/John_Shumate,110
103,23,5.56,0.57,Sonia Raman,ramanso99w,1974-02-11,basketball-reference,"Framingham, MA",basketball-reference,,,,Tufts (1992–1996),wikipedia,"Framingham (Framingham, Massachusetts)",,,SEA,Head Coach,2026,1,1,30,6,24,0.2,0,0,0,,0,0,0,0,0,0,0.21,0,,,https://www.basketball-reference.com/wnba/coaches/ramanso99w.html,https://en.wikipedia.org/wiki/Sonia_Raman,128
104,22,4.63,0.55,Teresa Edwards,edwarte01w,1964-07-09,basketball-reference,"Cairo, GA",basketball-reference,,,,Georgia,basketball-reference,"Cairo (Cairo, Georgia)",,,ATL,Assistant Coach,2014,1,3,23,2,21,0.087,0,0,0,,0,0,0,0,0,0,0.07,0,https://upload.wikimedia.org/wikipedia/commons/thumb/5/54/Teresa_Edwards_and_Ambassador_Wayne_2011.jpg/960px-Teresa_Edwards_and_Ambassador_Wayne_2011.jpg,images/104_Teresa_Edwards.jpg,https://www.basketball-reference.com/wnba/coaches/edwarte01w.html,https://en.wikipedia.org/wiki/Teresa_Edwards,110
105,22,3.7,0.515,Taj McWilliams-Franklin,mcwilta01w,1970-10-20,basketball-reference,"El Paso, TX",basketball-reference,,,,"Georgia State University,St. Edward's University",basketball-reference,"T. W. Josey (Augusta, Georgia)",,Also known as Taj McWilliams,DAL,Assistant Coach,2018,1,3,3,1,2,0.333,1,0,1,0,0,0,0,0,0,0,0.035,0,https://upload.wikimedia.org/wikipedia/commons/f/fd/Taj_McWilliams-Franklin_2011.jpg,images/105_Taj_McWilliams-Franklin.jpg,https://www.basketball-reference.com/wnba/coaches/mcwilta01w.html,https://en.wikipedia.org/wiki/Taj_McWilliams-Franklin,110
106,21,1.85,0.475,Darrell Walker,walkeda99w,1961-03-09,basketball-reference,"Chicago, IL",basketball-reference,,,,Arkansas,basketball-reference,"Corliss (Chicago, Illinois)",,,WAS,Head Coach,2000,1,0,12,5,7,0.417,2,0,2,0,0,0,0,0,0,0,0.175,0,https://upload.wikimedia.org/wikipedia/commons/7/70/Darrell_Walker.jpg,images/106_Darrell_Walker.jpg,https://www.basketball-reference.com/wnba/coaches/walkeda99w.html,https://en.wikipedia.org/wiki/Darrell_Walker,110
107,21,1.85,0.475,Dave Cowens,cowenda99w,1948-10-25,basketball-reference,"Newport, KY",basketball-reference,,,,Florida State,basketball-reference,"Newport Catholic(Newport, Kentucky)",,,CHI,Head Coach,2006,1,0,34,5,29,0.147,0,0,0,,0,0,0,0,0,0,0.175,0,https://upload.wikimedia.org/wikipedia/commons/5/5e/Dave_Cowens_-_2005_NBA_Legends_Tour_-_1-21-05.jpg,images/107_Dave_Cowens.jpg,https://www.basketball-reference.com/wnba/coaches/cowenda99w.html,https://en.wikipedia.org/wiki/Dave_Cowens,138
108,21,1.85,0.475,Mary Murphy,murphma99w,1957-12-12,basketball-reference,"Chicago, IL",basketball-reference,,,,Northwestern,basketball-reference,,,,SAC,Head Coach,1997,1,0,15,5,10,0.333,0,0,0,,0,0,0,0,0,0,0.175,0,,,https://www.basketball-reference.com/wnba/coaches/murphma99w.html,https://en.wikipedia.org/wiki/Mary_Murphy_(basketball),98
109,20,0,0.395,Cathy Parson,parsoca99w,1961-05-04,basketball-reference,"Hagerstown, MD",basketball-reference,,,,West Virginia,basketball-reference,,,,WAS,Assistant Coach,1998,1,1,12,1,11,0.083,0,0,0,,0,0,0,0,0,0,0.035,0,,,https://www.basketball-reference.com/wnba/coaches/parsoca99w.html,https://en.wikipedia.org/wiki/Cathy_Parson,70